model,score
Linear Regression,0.9999999999963363
Random Forest,0.06573622691565888
Linear Regression,0.9999999999963363
Random Forest,0.03609594710489972
XGBoost,1.0
XGBoost,1.0
Random Forest,0.7290206096227273
Random Forest,0.7437720925434271
Random Forest,0.7371580907433867
Random Forest,0.7353107658863695
Random Forest,0.7252813283337826
Random Forest,0.7321556271293468
Random Forest,0.7415935698703073
Random Forest,0.7223951662213836
Random Forest,0.733709213878849
Random Forest,1.0
Random Forest,0.730007543284609
Random Forest,0.7402675875388782
Random Forest,0.7301491802828256
Random Forest,0.7254768055145858
Random Forest,0.7171402137003632
Random Forest,0.7233218778514251
Random Forest,0.7375926843474683
Random Forest,0.732573853746286
Random Forest,0.7540336883552904
Random Forest,0.7387023105727595
Random Forest,0.7078443263439237
Random Forest,1.0
Random Forest,1.0
Random Forest,0.24874921385861656
Random Forest,0.2612617686538444
XGBoost,0.07124552955422263
Random Forest,0.07500023466906967
Linear Regression,0.5514882234208399
Linear Regression,0.5514882234208399
Random Forest,0.45322984993925886
Random Forest,0.08250025813597665
Random Forest,0.46968476355134303
Random Forest,0.46353713991063566
